timestamp_utc,host,git_revision,git_dirty,input_file,input_bytes,phrase,key,max_key,strategy,processes,workers,repetition,parameter_name,parameter_value,attempts,seconds,found_key,status
2026-10-02T23:15:13.289816+00:00,LAPTOP-ETV994DU,ec5c495,yes,data/mensaje.txt,34,es una prueba de,500001,1000000,dynamic,2,1,1,chunk_size,4096,500002,0.269597616,500001,found
2026-10-02T23:15:13.801875+00:00,LAPTOP-ETV994DU,ec5c495,yes,data/mensaje.txt,34,es una prueba de,500001,1000000,cyclic,2,2,3,check_interval,4096,503953,0.131503766,500001,found
2026-10-02T23:15:14.318824+00:00,LAPTOP-ETV994DU,ec5c495,yes,data/mensaje.txt,34,es una prueba de,500001,1000000,cyclic,2,2,1,check_interval,4096,503953,0.135576103,500001,found
2026-10-02T23:15:14.702086+00:00,LAPTOP-ETV994DU,ec5c495,yes,data/mensaje.txt,34,es una prueba de,500001,1000000,naive,2,2,5,check_interval,4096,4098,0.002160769,500001,found
2026-10-02T23:15:15.200458+00:00,LAPTOP-ETV994DU,ec5c495,yes,data/mensaje.txt,34,es una prueba de,500001,1000000,cyclic,4,4,5,check_interval,4096,505929,0.089765276,500001,found
2026-10-02T23:15:15.727431+00:00,LAPTOP-ETV994DU,ec5c495,yes,data/mensaje.txt,34,es una prueba de,500001,1000000,cyclic,2,2,4,check_interval,4096,503953,0.141538944,500001,found
2026-10-02T23:15:16.136891+00:00,LAPTOP-ETV994DU,ec5c495,yes,data/mensaje.txt,34,es una prueba de,500001,1000000,naive,4,4,3,check_interval,4096,12290,0.002219294,500001,found
2026-10-02T23:15:16.616453+00:00,LAPTOP-ETV994DU,ec5c495,yes,data/mensaje.txt,34,es una prueba de,500001,1000000,cyclic,4,4,4,check_interval,4096,505929,0.076119338,500001,found
2026-10-02T23:15:16.902158+00:00,LAPTOP-ETV994DU,ec5c495,yes,data/mensaje.txt,34,es una prueba de,500001,1000000,sequential,1,1,5,,,500002,0.273865084,500001,found
2026-10-02T23:15:17.408958+00:00,LAPTOP-ETV994DU,ec5c495,yes,data/mensaje.txt,34,es una prueba de,500001,1000000,cyclic,4,4,3,check_interval,4096,505929,0.09902283,500001,found
2026-10-02T23:15:17.803736+00:00,LAPTOP-ETV994DU,ec5c495,yes,data/mensaje.txt,34,es una prueba de,500001,1000000,naive,2,2,4,check_interval,4096,4098,0.002238717,500001,found
2026-10-02T23:15:18.455633+00:00,LAPTOP-ETV994DU,ec5c495,yes,data/mensaje.txt,34,es una prueba de,500001,1000000,dynamic,2,1,5,chunk_size,4096,500002,0.266754037,500001,found
2026-10-02T23:15:18.861541+00:00,LAPTOP-ETV994DU,ec5c495,yes,data/mensaje.txt,34,es una prueba de,500001,1000000,naive,4,4,5,check_interval,4096,12290,0.002737749,500001,found
2026-10-02T23:15:19.522141+00:00,LAPTOP-ETV994DU,ec5c495,yes,data/mensaje.txt,34,es una prueba de,500001,1000000,dynamic,2,1,4,chunk_size,4096,500002,0.267027666,500001,found
2026-10-02T23:15:20.029571+00:00,LAPTOP-ETV994DU,ec5c495,yes,data/mensaje.txt,34,es una prueba de,500001,1000000,cyclic,4,4,2,check_interval,4096,505929,0.097398031,500001,found
2026-10-02T23:15:20.302871+00:00,LAPTOP-ETV994DU,ec5c495,yes,data/mensaje.txt,34,es una prueba de,500001,1000000,sequential,1,1,3,,,500002,0.262451841,500001,found
2026-10-02T23:15:20.710035+00:00,LAPTOP-ETV994DU,ec5c495,yes,data/mensaje.txt,34,es una prueba de,500001,1000000,naive,4,4,2,check_interval,4096,12290,0.002237785,500001,found
2026-10-02T23:15:21.285936+00:00,LAPTOP-ETV994DU,ec5c495,yes,data/mensaje.txt,34,es una prueba de,500001,1000000,cyclic,2,2,5,check_interval,4096,503953,0.183250597,500001,found
2026-10-02T23:15:21.803653+00:00,LAPTOP-ETV994DU,ec5c495,yes,data/mensaje.txt,34,es una prueba de,500001,1000000,dynamic,4,3,5,chunk_size,4096,500002,0.112898624,500001,found
2026-10-02T23:15:22.215925+00:00,LAPTOP-ETV994DU,ec5c495,yes,data/mensaje.txt,34,es una prueba de,500001,1000000,naive,4,4,4,check_interval,4096,12290,0.002240046,500001,found
2026-10-02T23:15:22.866150+00:00,LAPTOP-ETV994DU,ec5c495,yes,data/mensaje.txt,34,es una prueba de,500001,1000000,dynamic,2,1,3,chunk_size,4096,500002,0.264237167,500001,found
2026-10-02T23:15:23.137969+00:00,LAPTOP-ETV994DU,ec5c495,yes,data/mensaje.txt,34,es una prueba de,500001,1000000,sequential,1,1,4,,,500002,0.258595034,500001,found
2026-10-02T23:15:23.656257+00:00,LAPTOP-ETV994DU,ec5c495,yes,data/mensaje.txt,34,es una prueba de,500001,1000000,dynamic,4,3,1,chunk_size,4096,500002,0.111049853,500001,found
2026-10-02T23:15:24.039551+00:00,LAPTOP-ETV994DU,ec5c495,yes,data/mensaje.txt,34,es una prueba de,500001,1000000,naive,2,2,2,check_interval,4096,4098,0.002113599,500001,found
2026-10-02T23:15:24.311163+00:00,LAPTOP-ETV994DU,ec5c495,yes,data/mensaje.txt,34,es una prueba de,500001,1000000,sequential,1,1,2,,,500002,0.259448635,500001,found
2026-10-02T23:15:24.820665+00:00,LAPTOP-ETV994DU,ec5c495,yes,data/mensaje.txt,34,es una prueba de,500001,1000000,dynamic,4,3,2,chunk_size,4096,500002,0.099169122,500001,found
2026-10-02T23:15:25.322624+00:00,LAPTOP-ETV994DU,ec5c495,yes,data/mensaje.txt,34,es una prueba de,500001,1000000,dynamic,4,3,3,chunk_size,4096,500002,0.097926003,500001,found
2026-10-02T23:15:25.706377+00:00,LAPTOP-ETV994DU,ec5c495,yes,data/mensaje.txt,34,es una prueba de,500001,1000000,naive,2,2,3,check_interval,4096,4098,0.002430306,500001,found
2026-10-02T23:15:26.221818+00:00,LAPTOP-ETV994DU,ec5c495,yes,data/mensaje.txt,34,es una prueba de,500001,1000000,dynamic,4,3,4,chunk_size,4096,500002,0.109848645,500001,found
2026-10-02T23:15:26.759802+00:00,LAPTOP-ETV994DU,ec5c495,yes,data/mensaje.txt,34,es una prueba de,500001,1000000,cyclic,2,2,2,check_interval,4096,503953,0.155430338,500001,found
2026-10-02T23:15:27.427778+00:00,LAPTOP-ETV994DU,ec5c495,yes,data/mensaje.txt,34,es una prueba de,500001,1000000,dynamic,2,1,2,chunk_size,4096,500002,0.275965856,500001,found
2026-10-02T23:15:27.916727+00:00,LAPTOP-ETV994DU,ec5c495,yes,data/mensaje.txt,34,es una prueba de,500001,1000000,cyclic,4,4,1,check_interval,4096,505929,0.085238424,500001,found
2026-10-02T23:15:28.314728+00:00,LAPTOP-ETV994DU,ec5c495,yes,data/mensaje.txt,34,es una prueba de,500001,1000000,naive,2,2,1,check_interval,4096,4098,0.002169594,500001,found
2026-10-02T23:15:28.588855+00:00,LAPTOP-ETV994DU,ec5c495,yes,data/mensaje.txt,34,es una prueba de,500001,1000000,sequential,1,1,1,,,500002,0.262318506,500001,found
2026-10-02T23:15:28.999675+00:00,LAPTOP-ETV994DU,ec5c495,yes,data/mensaje.txt,34,es una prueba de,500001,1000000,naive,4,4,1,check_interval,4096,12290,0.002736916,500001,found
2026-10-02T23:15:33.066764+00:00,LAPTOP-ETV994DU,ec5c495,yes,data/mensaje.txt,34,es una prueba de,625000,1000000,naive,2,2,5,check_interval,4096,251977,0.065924517,625000,found
2026-10-02T23:15:33.514415+00:00,LAPTOP-ETV994DU,ec5c495,yes,data/mensaje.txt,34,es una prueba de,625000,1000000,naive,2,2,2,check_interval,4096,251977,0.066403473,625000,found
2026-10-02T23:15:34.011155+00:00,LAPTOP-ETV994DU,ec5c495,yes,data/mensaje.txt,34,es una prueba de,625000,1000000,cyclic,4,4,4,check_interval,4096,635483,0.090834745,625000,found
2026-10-02T23:15:34.469980+00:00,LAPTOP-ETV994DU,ec5c495,yes,data/mensaje.txt,34,es una prueba de,625000,1000000,naive,2,2,4,check_interval,4096,251977,0.078506414,625000,found
2026-10-02T23:15:34.800055+00:00,LAPTOP-ETV994DU,ec5c495,yes,data/mensaje.txt,34,es una prueba de,625000,1000000,sequential,1,1,1,,,625001,0.319559543,625000,found
2026-10-02T23:15:35.294310+00:00,LAPTOP-ETV994DU,ec5c495,yes,data/mensaje.txt,34,es una prueba de,625000,1000000,naive,4,4,4,check_interval,4096,505929,0.101022203,625000,found
2026-10-02T23:15:35.821462+00:00,LAPTOP-ETV994DU,ec5c495,yes,data/mensaje.txt,34,es una prueba de,625000,1000000,cyclic,4,4,5,check_interval,4096,635483,0.123756159,625000,found
2026-10-02T23:15:36.295436+00:00,LAPTOP-ETV994DU,ec5c495,yes,data/mensaje.txt,34,es una prueba de,625000,1000000,naive,2,2,1,check_interval,4096,251977,0.074454597,625000,found
2026-10-02T23:15:36.830155+00:00,LAPTOP-ETV994DU,ec5c495,yes,data/mensaje.txt,34,es una prueba de,625000,1000000,cyclic,4,4,3,check_interval,4096,635483,0.124263806,625000,found
2026-10-02T23:15:37.433129+00:00,LAPTOP-ETV994DU,ec5c495,yes,data/mensaje.txt,34,es una prueba de,625000,1000000,cyclic,2,2,5,check_interval,4096,627893,0.206624026,625000,found
2026-10-02T23:15:38.010957+00:00,LAPTOP-ETV994DU,ec5c495,yes,data/mensaje.txt,34,es una prueba de,625000,1000000,naive,4,4,3,check_interval,4096,505929,0.112858057,625000,found
2026-10-02T23:15:38.546680+00:00,LAPTOP-ETV994DU,ec5c495,yes,data/mensaje.txt,34,es una prueba de,625000,1000000,naive,4,4,5,check_interval,4096,505929,0.101618437,625000,found
2026-10-02T23:15:39.152370+00:00,LAPTOP-ETV994DU,ec5c495,yes,data/mensaje.txt,34,es una prueba de,625000,1000000,cyclic,2,2,4,check_interval,4096,627893,0.208165396,625000,found
2026-10-02T23:15:39.711408+00:00,LAPTOP-ETV994DU,ec5c495,yes,data/mensaje.txt,34,es una prueba de,625000,1000000,dynamic,4,3,3,chunk_size,4096,625001,0.14155741,625000,found
2026-10-02T23:15:40.457458+00:00,LAPTOP-ETV994DU,ec5c495,yes,data/mensaje.txt,34,es una prueba de,625000,1000000,dynamic,2,1,3,chunk_size,4096,625001,0.352793605,625000,found
2026-10-02T23:15:41.009566+00:00,LAPTOP-ETV994DU,ec5c495,yes,data/mensaje.txt,34,es una prueba de,625000,1000000,cyclic,2,2,1,check_interval,4096,627893,0.162287684,625000,found
2026-10-02T23:15:41.487713+00:00,LAPTOP-ETV994DU,ec5c495,yes,data/mensaje.txt,34,es una prueba de,625000,1000000,naive,4,4,2,check_interval,4096,505929,0.075970427,625000,found
2026-10-02T23:15:42.203726+00:00,LAPTOP-ETV994DU,ec5c495,yes,data/mensaje.txt,34,es una prueba de,625000,1000000,dynamic,2,1,2,chunk_size,4096,625001,0.335612389,625000,found
2026-10-02T23:15:42.539151+00:00,LAPTOP-ETV994DU,ec5c495,yes,data/mensaje.txt,34,es una prueba de,625000,1000000,sequential,1,1,3,,,625001,0.324686205,625000,found
2026-10-02T23:15:42.873015+00:00,LAPTOP-ETV994DU,ec5c495,yes,data/mensaje.txt,34,es una prueba de,625000,1000000,sequential,1,1,2,,,625001,0.32419387,625000,found
2026-10-02T23:15:43.391361+00:00,LAPTOP-ETV994DU,ec5c495,yes,data/mensaje.txt,34,es una prueba de,625000,1000000,cyclic,4,4,1,check_interval,4096,635483,0.117692656,625000,found
2026-10-02T23:15:44.115657+00:00,LAPTOP-ETV994DU,ec5c495,yes,data/mensaje.txt,34,es una prueba de,625000,1000000,dynamic,2,1,4,chunk_size,4096,625001,0.337491981,625000,found
2026-10-02T23:15:44.637883+00:00,LAPTOP-ETV994DU,ec5c495,yes,data/mensaje.txt,34,es una prueba de,625000,1000000,dynamic,4,3,1,chunk_size,4096,625001,0.119085952,625000,found
2026-10-02T23:15:45.175575+00:00,LAPTOP-ETV994DU,ec5c495,yes,data/mensaje.txt,34,es una prueba de,625000,1000000,dynamic,4,3,2,chunk_size,4096,633193,0.12867694,625000,found
2026-10-02T23:15:45.671549+00:00,LAPTOP-ETV994DU,ec5c495,yes,data/mensaje.txt,34,es una prueba de,625000,1000000,naive,4,4,1,check_interval,4096,505929,0.086632557,625000,found
2026-10-02T23:15:46.028689+00:00,LAPTOP-ETV994DU,ec5c495,yes,data/mensaje.txt,34,es una prueba de,625000,1000000,sequential,1,1,4,,,625001,0.345939516,625000,found
2026-10-02T23:15:46.491107+00:00,LAPTOP-ETV994DU,ec5c495,yes,data/mensaje.txt,34,es una prueba de,625000,1000000,naive,2,2,3,check_interval,4096,251977,0.06864068,625000,found
2026-10-02T23:15:46.839211+00:00,LAPTOP-ETV994DU,ec5c495,yes,data/mensaje.txt,34,es una prueba de,625000,1000000,sequential,1,1,5,,,625001,0.335373406,625000,found
2026-10-02T23:15:47.373258+00:00,LAPTOP-ETV994DU,ec5c495,yes,data/mensaje.txt,34,es una prueba de,625000,1000000,dynamic,4,3,5,chunk_size,4096,625001,0.130530831,625000,found
2026-10-02T23:15:47.901487+00:00,LAPTOP-ETV994DU,ec5c495,yes,data/mensaje.txt,34,es una prueba de,625000,1000000,cyclic,4,4,2,check_interval,4096,635483,0.120868702,625000,found
2026-10-02T23:15:48.624546+00:00,LAPTOP-ETV994DU,ec5c495,yes,data/mensaje.txt,34,es una prueba de,625000,1000000,dynamic,2,1,1,chunk_size,4096,625001,0.338976207,625000,found
2026-10-02T23:15:49.192453+00:00,LAPTOP-ETV994DU,ec5c495,yes,data/mensaje.txt,34,es una prueba de,625000,1000000,cyclic,2,2,3,check_interval,4096,627893,0.176148773,625000,found
2026-10-02T23:15:49.731247+00:00,LAPTOP-ETV994DU,ec5c495,yes,data/mensaje.txt,34,es una prueba de,625000,1000000,dynamic,4,3,4,chunk_size,4096,625001,0.132211918,625000,found
2026-10-02T23:15:50.459715+00:00,LAPTOP-ETV994DU,ec5c495,yes,data/mensaje.txt,34,es una prueba de,625000,1000000,dynamic,2,1,5,chunk_size,4096,625001,0.341400222,625000,found
2026-10-02T23:15:51.010284+00:00,LAPTOP-ETV994DU,ec5c495,yes,data/mensaje.txt,34,es una prueba de,625000,1000000,cyclic,2,2,2,check_interval,4096,627893,0.1689743,625000,found
2026-10-02T23:15:54.567331+00:00,LAPTOP-ETV994DU,ec5c495,yes,data/mensaje.txt,34,es una prueba de,219781,1000000,dynamic,4,3,5,chunk_size,4096,227974,0.052077151,219781,found
2026-10-02T23:15:55.070210+00:00,LAPTOP-ETV994DU,ec5c495,yes,data/mensaje.txt,34,es una prueba de,219781,1000000,dynamic,2,1,4,chunk_size,4096,219782,0.118387699,219781,found
2026-10-02T23:15:55.585022+00:00,LAPTOP-ETV994DU,ec5c495,yes,data/mensaje.txt,34,es una prueba de,219781,1000000,naive,2,2,5,check_interval,4096,440966,0.121478127,219781,found
2026-10-02T23:15:56.037230+00:00,LAPTOP-ETV994DU,ec5c495,yes,data/mensaje.txt,34,es una prueba de,219781,1000000,cyclic,4,4,1,check_interval,4096,226978,0.041017811,219781,found
2026-10-02T23:15:56.163770+00:00,LAPTOP-ETV994DU,ec5c495,yes,data/mensaje.txt,34,es una prueba de,219781,1000000,sequential,1,1,4,,,219782,0.115128972,219781,found
2026-10-02T23:15:56.670759+00:00,LAPTOP-ETV994DU,ec5c495,yes,data/mensaje.txt,34,es una prueba de,219781,1000000,dynamic,2,1,1,chunk_size,4096,219782,0.117897099,219781,found
2026-10-02T23:15:56.804760+00:00,LAPTOP-ETV994DU,ec5c495,yes,data/mensaje.txt,34,es una prueba de,219781,1000000,sequential,1,1,5,,,219782,0.120809118,219781,found
2026-10-02T23:15:57.256514+00:00,LAPTOP-ETV994DU,ec5c495,yes,data/mensaje.txt,34,es una prueba de,219781,1000000,dynamic,4,3,3,chunk_size,4096,227974,0.043436806,219781,found
2026-10-02T23:15:57.824240+00:00,LAPTOP-ETV994DU,ec5c495,yes,data/mensaje.txt,34,es una prueba de,219781,1000000,naive,4,4,2,check_interval,4096,883334,0.160827562,219781,found
2026-10-02T23:15:58.327331+00:00,LAPTOP-ETV994DU,ec5c495,yes,data/mensaje.txt,34,es una prueba de,219781,1000000,naive,2,2,2,check_interval,4096,440966,0.118527356,219781,found
2026-10-02T23:15:58.775304+00:00,LAPTOP-ETV994DU,ec5c495,yes,data/mensaje.txt,34,es una prueba de,219781,1000000,cyclic,4,4,2,check_interval,4096,226978,0.048940306,219781,found
2026-10-02T23:15:58.905308+00:00,LAPTOP-ETV994DU,ec5c495,yes,data/mensaje.txt,34,es una prueba de,219781,1000000,sequential,1,1,2,,,219782,0.117332837,219781,found
2026-10-02T23:15:59.426683+00:00,LAPTOP-ETV994DU,ec5c495,yes,data/mensaje.txt,34,es una prueba de,219781,1000000,naive,2,2,4,check_interval,4096,440966,0.136410309,219781,found
2026-10-02T23:16:00.001078+00:00,LAPTOP-ETV994DU,ec5c495,yes,data/mensaje.txt,34,es una prueba de,219781,1000000,naive,4,4,1,check_interval,4096,883334,0.156954742,219781,found
2026-10-02T23:16:00.452231+00:00,LAPTOP-ETV994DU,ec5c495,yes,data/mensaje.txt,34,es una prueba de,219781,1000000,cyclic,2,2,1,check_interval,4096,220483,0.061318146,219781,found
2026-10-02T23:16:00.900029+00:00,LAPTOP-ETV994DU,ec5c495,yes,data/mensaje.txt,34,es una prueba de,219781,1000000,cyclic,2,2,3,check_interval,4096,220483,0.05998056,219781,found
2026-10-02T23:16:01.420191+00:00,LAPTOP-ETV994DU,ec5c495,yes,data/mensaje.txt,34,es una prueba de,219781,1000000,dynamic,2,1,2,chunk_size,4096,219782,0.128239121,219781,found
2026-10-02T23:16:01.874188+00:00,LAPTOP-ETV994DU,ec5c495,yes,data/mensaje.txt,34,es una prueba de,219781,1000000,cyclic,4,4,5,check_interval,4096,226978,0.041086541,219781,found
2026-10-02T23:16:02.004415+00:00,LAPTOP-ETV994DU,ec5c495,yes,data/mensaje.txt,34,es una prueba de,219781,1000000,sequential,1,1,3,,,219782,0.116255145,219781,found
2026-10-02T23:16:02.566933+00:00,LAPTOP-ETV994DU,ec5c495,yes,data/mensaje.txt,34,es una prueba de,219781,1000000,naive,4,4,4,check_interval,4096,883334,0.15844485,219781,found
2026-10-02T23:16:03.136973+00:00,LAPTOP-ETV994DU,ec5c495,yes,data/mensaje.txt,34,es una prueba de,219781,1000000,naive,4,4,3,check_interval,4096,883334,0.157799065,219781,found
2026-10-02T23:16:03.588832+00:00,LAPTOP-ETV994DU,ec5c495,yes,data/mensaje.txt,34,es una prueba de,219781,1000000,cyclic,2,2,2,check_interval,4096,220483,0.064645866,219781,found
2026-10-02T23:16:04.047511+00:00,LAPTOP-ETV994DU,ec5c495,yes,data/mensaje.txt,34,es una prueba de,219781,1000000,dynamic,4,3,4,chunk_size,4096,227974,0.047260543,219781,found
2026-10-02T23:16:04.608439+00:00,LAPTOP-ETV994DU,ec5c495,yes,data/mensaje.txt,34,es una prueba de,219781,1000000,naive,2,2,3,check_interval,4096,440966,0.16765014,219781,found
2026-10-02T23:16:05.064531+00:00,LAPTOP-ETV994DU,ec5c495,yes,data/mensaje.txt,34,es una prueba de,219781,1000000,cyclic,2,2,5,check_interval,4096,220483,0.062077881,219781,found
2026-10-02T23:16:05.574869+00:00,LAPTOP-ETV994DU,ec5c495,yes,data/mensaje.txt,34,es una prueba de,219781,1000000,dynamic,2,1,3,chunk_size,4096,219782,0.119177507,219781,found
2026-10-02T23:16:06.027807+00:00,LAPTOP-ETV994DU,ec5c495,yes,data/mensaje.txt,34,es una prueba de,219781,1000000,dynamic,4,3,2,chunk_size,4096,227974,0.050937999,219781,found
2026-10-02T23:16:06.475977+00:00,LAPTOP-ETV994DU,ec5c495,yes,data/mensaje.txt,34,es una prueba de,219781,1000000,cyclic,2,2,4,check_interval,4096,220483,0.06447249,219781,found
2026-10-02T23:16:06.603701+00:00,LAPTOP-ETV994DU,ec5c495,yes,data/mensaje.txt,34,es una prueba de,219781,1000000,sequential,1,1,1,,,219782,0.113906349,219781,found
2026-10-02T23:16:07.052746+00:00,LAPTOP-ETV994DU,ec5c495,yes,data/mensaje.txt,34,es una prueba de,219781,1000000,cyclic,4,4,3,check_interval,4096,226978,0.038117379,219781,found
2026-10-02T23:16:07.562448+00:00,LAPTOP-ETV994DU,ec5c495,yes,data/mensaje.txt,34,es una prueba de,219781,1000000,dynamic,2,1,5,chunk_size,4096,219782,0.125348756,219781,found
2026-10-02T23:16:08.011420+00:00,LAPTOP-ETV994DU,ec5c495,yes,data/mensaje.txt,34,es una prueba de,219781,1000000,cyclic,4,4,4,check_interval,4096,226978,0.043510559,219781,found
2026-10-02T23:16:08.470657+00:00,LAPTOP-ETV994DU,ec5c495,yes,data/mensaje.txt,34,es una prueba de,219781,1000000,dynamic,4,3,1,chunk_size,4096,227974,0.047932998,219781,found
2026-10-02T23:16:08.977761+00:00,LAPTOP-ETV994DU,ec5c495,yes,data/mensaje.txt,34,es una prueba de,219781,1000000,naive,2,2,1,check_interval,4096,440966,0.122187862,219781,found
2026-10-02T23:16:09.550537+00:00,LAPTOP-ETV994DU,ec5c495,yes,data/mensaje.txt,34,es una prueba de,219781,1000000,naive,4,4,5,check_interval,4096,883334,0.159523868,219781,found
