key,max_key,strategy,processes,workers,parameter_name,parameter_value,samples,median_attempts,min_seconds,median_seconds,max_seconds,speedup,efficiency_total,efficiency_workers
219781,1000000,cyclic,2,2,check_interval,4096,5,220483.0,0.059980560,0.062077881,0.064645866,1.872731,0.936365,0.936365
219781,1000000,cyclic,4,4,check_interval,4096,5,226978.0,0.038117379,0.041086541,0.048940306,2.829519,0.707380,0.707380
219781,1000000,dynamic,2,1,chunk_size,4096,5,219782.0,0.117897099,0.119177507,0.128239121,0.975479,0.487739,0.975479
219781,1000000,dynamic,4,3,chunk_size,4096,5,227974.0,0.043436806,0.047932998,0.052077151,2.425368,0.606342,0.808456
219781,1000000,naive,2,2,check_interval,4096,5,440966.0,0.118527356,0.122187862,0.167650140,0.951446,0.475723,0.475723
219781,1000000,naive,4,4,check_interval,4096,5,883334.0,0.156954742,0.158444850,0.160827562,0.733726,0.183432,0.183432
219781,1000000,sequential,1,1,,,5,219782.0,0.113906349,0.116255145,0.120809118,1.000000,1.000000,1.000000
500001,1000000,cyclic,2,2,check_interval,4096,5,503953.0,0.131503766,0.141538944,0.183250597,1.853331,0.926665,0.926665
500001,1000000,cyclic,4,4,check_interval,4096,5,505929.0,0.076119338,0.089765276,0.099022830,2.922271,0.730568,0.730568
500001,1000000,dynamic,2,1,chunk_size,4096,5,500002.0,0.264237167,0.267027666,0.275965856,0.982365,0.491182,0.982365
500001,1000000,dynamic,4,3,chunk_size,4096,5,500002.0,0.097926003,0.109848645,0.112898624,2.387999,0.597000,0.796000
500001,1000000,naive,2,2,check_interval,4096,5,4098.0,0.002113599,0.002169594,0.002430306,120.906725,60.453363,60.453363
500001,1000000,naive,4,4,check_interval,4096,5,12290.0,0.002219294,0.002240046,0.002737749,117.104071,29.276018,29.276018
500001,1000000,sequential,1,1,,,5,500002.0,0.258595034,0.262318506,0.273865084,1.000000,1.000000,1.000000
625000,1000000,cyclic,2,2,check_interval,4096,5,627893.0,0.162287684,0.176148773,0.208165396,1.843250,0.921625,0.921625
625000,1000000,cyclic,4,4,check_interval,4096,5,635483.0,0.090834745,0.120868702,0.124263806,2.686272,0.671568,0.671568
625000,1000000,dynamic,2,1,chunk_size,4096,5,625001.0,0.335612389,0.338976207,0.352793605,0.957844,0.478922,0.957844
625000,1000000,dynamic,4,3,chunk_size,4096,5,625001.0,0.119085952,0.130530831,0.141557410,2.487429,0.621857,0.829143
625000,1000000,naive,2,2,check_interval,4096,5,251977.0,0.065924517,0.068640680,0.078506414,4.730230,2.365115,2.365115
625000,1000000,naive,4,4,check_interval,4096,5,505929.0,0.075970427,0.101022203,0.112858057,3.214008,0.803502,0.803502
625000,1000000,sequential,1,1,,,5,625001.0,0.319559543,0.324686205,0.345939516,1.000000,1.000000,1.000000
